-108.7119,42.81493,Pioneer RV Park,"176 Sunflower Street,
Lander,
WY,
82520-9484,
(307) 332-0155"
-110.40172,43.83199,Grand Teton Park RV Resort,"Moran Ln,
Moran,
WY,
83013,
(307) 543-2483"
-109.596964,41.248969,Ashley National Forest Buckboard Crossing Campground,"Star Rt. 1,
Green River,
WY,
82935,
(435) 784-3445"
-109.447014,41.347141,Ashley National Forest Firehole Campground,",
Rock Springs,
WY,
,
(877) 444-6777"
-104.2339,43.85115,Auto-Inn Motel RV Park,"2503 W Main St,
Newcastle,
WY,
82701-2324,
(307) 746-2734"
-107.25213,44.16527,Bighorn National Forest Boulder Park Campground,",
Ten Sleep,
WY,
,
(307) 674-2600"
-107.21097,44.19094,Bighorn National Forest Sitting Bull Campground,",
Ten Sleep,
WY,
,
(307) 674-2600"
-104.4482,42.75399,BJ's Campground,"902 South Maple Street,
Lusk,
WY,
82225,
(307) 334-2314"
-104.40791,44.5948,Black Hills National Forest Cook Lake Campground,"FR 842,
Sundance,
WY,
82729,
(307) 283-1361"
-110.43755,44.533756,Bridge Bay Campground,"Yellowstone National Park,
,
WY,
82190-0168,
(307) 344-7381"
-110.96179,42.48793,Bridger-Teton National Forest Allred Flat Campground,",
Smoot,
WY,
,
(307) 877-4415"
-109.7888,42.9518,Bridger-Teton National Forest Fremont Lake Campground,",
Pinedale,
WY,
,
(307) 877-4415"
-110.44672,43.3593,Bridger-Teton National Forest Granite Creek Campground,",
Bondurant,
WY,
,
(307) 877-4415"
-110.59377,43.28133,Bridger-Teton National Forest Hoback Campground,",
Hoback Junction,
WY,
,
(307) 877-4415"
-110.53105,42.61844,Bridger-Teton National Forest Sacajawea Campground,",
Big Piney,
WY,
,
(307) 877-4415"
-110.48929,44.73569,Canyon Village Campground,"North Rim Drive,
Yellowstone National Park,
WY,
82190,
(866) 439-7375"
-110.64124,43.90565,Colter Bay Campground,"Grand Teton National Park,
Moran,
WY,
83013,
(800) 628-9988"
-105.864518,42.866045,Deer Creek Village RV Campground,"302 Millar Lane,
Glenrock,
WY,
82637,
(307) 436-8121"
-106.807211,41.460626,Deer Haven RV Park,"706 North 1st Street,
Saratoga,
WY,
82331,
(307) 326-8746"
-108.22089,43.6243,Eagle RV Park,"204 US Highway 20 S,
Thermopolis,
WY,
82443-9411,
(307) 864-5262"
-110.66846,44.10508,Flagg Ranch Resort Campground Grand Teton/Yellowstone,",
Moran,
WY,
83013,
(800) 443-2311"
-110.99796,42.90991,Flat Creek RV Park Cabins,"75 Hokanson Avenue,
Thayne,
WY,
83127,
(307) 883-2231"
-108.20573,43.67381,Fountain of Youth RV Park,"250 US Highway 20 N,
Thermopolis,
WY,
82443-9446,
(307) 864-3265"
-105.01295,42.51352,Glendo Lakeside RV Park,"Lake Shore Drive,
Glendo,
WY,
82213,
(307) 735-4161"
-110.719046,43.752725,Grand Teton NP Jenny Lake Campground,",
Moose,
WY,
,
(307) 739-3392"
-104.197111,41.711778,Hawk Springs State Recreation Area,"Highway 85,
Hawk Springs,
WY,
82217,
(307) 836-2334"
-104.750447,44.35579,Keyhole State Park Campground,"353 Mckean Rd,
Moorcroft,
WY,
82721-9776,
(307) 756-3596"
-105.437675,42.764832,KOA Douglas Kampground,"168 Cold Springs Rd,
Douglas,
WY,
82633,
(307) 358-2164"
-109.63583,43.53263,KOA Dubois/Wind River,"225 West Welty Street,
Dubois,
WY,
82513,
(307) 455-2238"
-107.22967,41.78005,KOA Rawlins,"205 Wyoming 71,
Rawlins,
WY,
82301,
(307) 328-2021"
-109.29141,41.56668,KOA Rock Springs/Green River,"86 Foothill Boulevard,
Rock Springs,
WY,
82901-5551,
(307) 362-3063"
-110.72346,43.34069,KOA Snake River Park,"9705 S Highway - 89,
Jackson Hole,
WY,
83001,
(800) KOA-1878"
-106.77743,41.21767,Lazy Acres Campground  Motel,"Fields Avenue,
Riverside,
WY,
82325,
(307) 327-5968"
-109.59039,43.51494,Longhorn Ranch Motel RV Resort,"5810 U.S. 26,
Dubois,
WY,
82513,
(307) 455-2337"
-108.393598,44.840174,Lovell Camper Park City Park,"40 Quebec Avenue,
Lovell,
WY,
82431,
(307) 548-6551"
-110.86121,44.64536,Madison Junction Campground,"W Entrance RD,
Madison Junction,
WY,
82190,
(307) 344-7381"
-104.352367,44.417076,Mountain View RV Park Campground,"117 Pleasant Valley Road,
Sundance,
WY,
82729,
(307) 283-2270"
-104.51587,41.15894,WYO Campground,"Exit 377 I-80 Svc Rd,
Cheyenne,
WY,
82003,
(307) 547-2244"
-104.4381,42.17792,Pony Soldier RV Park,"2302 A Hwy 26,
Lingle,
WY,
82223,
(307) 837-3078"
-109.85913,43.62835,Willowbend Campground,"4141 US Highway 26,
Dubois,
WY,
82513-9713,
(307) 455-2309"
-107.272171,41.782927,RV World Campground,"3101 Wagon Circle Road,
Rawlins,
WY,
82301,
(307) 328-1091"
-104.09284,44.544739,Sand Creek RV Park,"333 Main Street,
Beulah,
WY,
82712,
(307) 643-2277"
-107.78036,44.53456,Shell Campground RV Park,"102 1st Street,
Shell,
WY,
82441,
(307) 765-9924"
-109.97153,43.708749,Shoshone National Forest Falls Campground,"808 Meadow Lane Ave # 1,
Cody,
WY,
82414-4548,
(307) 527-6241"
-109.833391,44.974282,Shoshone National Forest Fox Creek Campground,"203 A Yellowstone Ave,
Cody,
WY,
82414,
(307) 527-6921"
-109.759435,44.453659,Shoshone National Forest Newton Creek Campground,",
Wapiti,
WY,
,
(307) 527-6921"
-109.624242,44.46457,Shoshone National Forest Wapiti Campground,"808 Meadow Lane,
Cody,
WY,
82414,
(307) 578-1200"
-104.90578,41.00106,Terry Bison Ranch Resort,"51 E I 25 Service Rd,
Cheyenne,
WY,
82007,
(307) 634-4171"
-107.26618,41.78506,Western Hills Campground LLC,"2500 Wagon Circle St,
Rawlins,
WY,
82301-5136,
(307) 324-2592"
-107.93825,44.01702,Worland RV Park Campground,"2313 Big Horn Avenue,
Worland,
WY,
82401-3001,
(307) 347-2329"
-110.73436,44.88119,Yellowstone National Park Indian Creek Campground,"200 Old Yellowstone Trl Gardiner Mt,
Mammoth Springs Junction,
WY,
,
(307) 344-7381"
-110.626767,44.28319,Yellowstone National Park Lewis Lake Campground,"200 Old Yellowstone Trl Gardiner Mt 59030,
West Thumb Junction,
WY,
,
(307) 344-7381"
-110.693447,44.972937,Yellowstone National Park Mamouth Campground,"200 Old Yellowstone Trl Gardiner Mt 59030,
Mammoth Springs Junction,
WY,
82190,
(307) 344-9914"
-110.699306,44.738643,Yellowstone National Park Norris Campground,"2025 Mammoth St,
Yellowstone National Park,
WY,
82190,
(307) 344-9914"
-110.113373,44.914578,Yellowstone National Park Pebble Creek Campground,"200 Old Yellowstone Trl Gardiner Mt 59030,
Tower Junction,
WY,
82190,
(307) 344-7381"
-110.30863,44.94361,Yellowstone National Park Slough Creek Campground,"200 Old Yellowstone Trl Gardiner Mt 59030,
Tower Junction,
WY,
82190,
(307) 344-7381"
-110.3874,44.89189,Yellowstone National Park Tower Fall Campground,"200 Old Yellowstone Trl Gardiner Mt 59030,
Tower Junction,
WY,
82190,
(307) 344-7381"
-110.671406,44.10961,Grand Teton/Yellowstone Glassy Lake Campground,",
Moran,
WY,
,
(307) 739-3300"
-104.82173,41.10238,A.B Camping,"1503 West College Drive,
Cheyenne,
WY,
82007,
(307) 634-7035"
-109.05029,44.51415,Absaroka Bay RV Park,"2002 Mountain View Drive,
Cody,
WY,
82414,
(307) 527-7440"
-106.750766,44.338923,Big Horn Mountains Campground,"8935 US Hwy 16 W,
Buffalo,
WY,
82834,
(307) 684-2307"
-109.61799,42.85569,Boulder lake campground,"15085 STATE HWY 32,
Boulder,
WY,
82491,
(307) 367-4326"
-108.162687,43.394849,Boysen State Park Campground,"15 Ash Street,
Shoshoni,
WY,
82649-8801,
(307) 876-2796"
-109.244631,44.503305,Buffalo Bill State Park Campground,"47 Lakeside Road,
Cody,
WY,
82414,
(307) 587-9227"
-108.05503,44.5014,Campbell's Green Oasis Campground,"540 12th Ave N,
Greybull,
WY,
82426,
(307) 765-2856"
-106.28877,42.8557,Casper East RV Park  Campground,"2800 East Yellowstone Highway,
Casper,
WY,
82609-1854,
(307) 237-5155"
-108.157304,43.720763,Country Campin,"710 East Sunnyside Lane,
Thermopolis,
WY,
82443,
(800) 609-2244"
-108.628182,42.730763,Dallas Dome Ranch,"7192 State Hwy 789 # 287,
Lander,
WY,
82520,
(307) 332-3836"
-106.66977,44.3542,Deer Park,"146  Hwy 16 East,
Buffalo,
WY,
82834,
(307) 684-5722"
-110.370036,44.563126,Fishing Bridge RV Park,"N Luke Rd,
Yellowstone National Park,
WY,
82190,
(307) 344-7311"
-107.26241,44.87762,Foothills Motel Campground,"101 Main Street,
Dayton,
WY,
82836,
(307) 655-2547"
-110.38871,41.31612,Fort Bridger RV Camp,"64 Groshon Road,
Fort Bridger,
WY,
82933,
(307) 782-3150"
-106.37384,42.83844,Fort Caspar Campground,"4205 Fort Caspar Rd,
Casper,
WY,
82604-2924,
(307) 234-3260"
-109.09367,44.51616,Gateway Motel Campground,"203 Yellowstone Avenue,
Cody,
WY,
82414-3889,
(307) 587-2561"
-110.6843,44.00677,Grand Teton NP Lizard Creek Campground,",
Moran,
WY,
,
(307) 543-2831"
-110.563532,44.387007,Grant Village Campground,"West,
Yellowstone National Park,
WY,
82190,
(307) 344-7311"
-109.49239,44.46235,Green Creek Inn RV Park,"2908 North Fork Hwy,
Cody,
WY,
82414-7116,
(307) 587-5004"
-111.01707,43.16454,Greys River Cove RV Park,"25 Hwy 89,
Alpine,
WY,
83128,
(307) 880-2267"
-110.669532,43.62031,Gros Ventre Campground,",
Jackson,
WY,
83001,
(307) 543-3100"
-109.715165,42.742499,Highline Trail RV Park,"8718 Hwy 191,
Boulder,
WY,
82923,
(307) 537-3080"
-106.68862,44.35439,Indian Campground,"660 East Hart Street,
Buffalo,
WY,
82834-9349,
(307) 684-9601"
-110.841709,43.520389,Jackson Hole Campground,"2780 Moose Wilson Rd,
Wilson,
WY,
83014,
(307) 413-0495"
-104.73451,41.15521,Jolley Rogers RV Campground,"6102 US Hwy 30,
Cheyenne,
WY,
82001-6159,
(307) 634-8457"
-106.645919,43.717886,KCRV Park,"42 Mayoworth Road,
Kaycee,
WY,
82639,
(307) 738-2233"
-106.3387,42.91355,KOA Casper,"1101 Prairie Ln,
Bar Nunn (Casper),
WY,
82601,
(307) 577-1664"
-104.69852,41.13915,KOA Cheyenne,"8800 Archer Frontage Road,
Cheyenne,
WY,
82007-9654,
(307) 638-8840"
-109.00821,44.51178,KOA Cody,"5561 Greybull Hwy,
Cody,
WY,
82414-9614,
(307) 587-2369"
-104.69857,44.58884,KOA Devils Tower,"60  Hwy 110,
Devils Tower,
WY,
82714,
(800) 562-5785"
-108.049736,44.492963,KOA Greybull,"333 North 2nd Street,
Greybull,
WY,
82426-1917,
(307) 250-3919"
-105.61124,41.32432,KOA Laramie,"1271 West Baker Street,
Laramie,
WY,
82072,
(307) 742-6553"
-110.29894,41.34998,KOA Lyman,"1531 Wyoming 413,
Lyman,
WY,
82937-9072,
(307) 786-2188"
-106.9655,44.8366,KOA Sheridan Big Horn Mountain,"63 Decker Rd,
Sheridan,
WY,
82801,
(307) 674-8766"
-110.73015,43.32488,Lazy J Corral,"10755 S US Highway 89,
Jackson,
WY,
83001-8949,
(307) 733-1554"
-107.16693,44.90817,Lazy R Campground RV Park,"652 US Hwy 14,
Ranchester,
WY,
82839,
(307) 655-9284"
-108.725083,42.843088,Maverick Mobile Home RV Park,"1104 N 2nd St,
Lander,
WY,
82520-2261,
(307) 332-3142"
-108.8033,42.94425,Mountain View CampGround Cafe,"39 Ray Lake Rd,
Lander,
WY,
82520-9310,
(307) 332-9333"
-106.706879,44.348444,Mountain View Motel and Campground,"585 Fort Street,
Buffalo,
WY,
82834,
(307) 684-2881"
-108.34924,43.10402,Owl Creek Kampground,"11124 State Highway 789,
Riverton,
WY,
82501-8809,
(307) 856-2869"
-106.94207,44.8095,Peter D's RV Park,"1105 Joe Street,
Sheridan,
WY,
82801-3113,
(307) 673-0597"
-110.94776,41.27095,Phillips RV Park,"225 Bear River Dr,
Evanston,
WY,
82930-2801,
(307) 789-3805"
-109.871273,42.863319,Pinedale Campground,"204 South Jackson Avenue,
Pinedale,
WY,
82941,
(307) 367-4555"
-109.07324,44.51906,Ponderosa Campground,"1815 8th Street,
Cody,
WY,
82414,
(307) 587-9203"
-106.6393,43.70726,Powder River Campground,"101 Old Barnum Road,
Kaycee,
WY,
82639,
(307) 738-2233"
-104.487343,42.748049,Prairie View Campground,"3925 U.S. 20,
Lusk,
WY,
82225,
(307) 334-3174"
-104.73261,41.15667,Restway Travel Park,"4212 Whitney Road,
Cheyenne,
WY,
82001,
(307) 634-3811"
-110.109194,42.554881,Rob Roost Park,"16 E 3rd St,
Marbleton,
WY,
83113-9905,
(307) 276-3611"
-81.884031,37.620552,Twin Hollow Campground & Cabins,"U.S. 52,
Gilbert,
WV,
25621,
(304) 664-9001"
-110.61077,43.8419,Signal Mountain Camground,"Inner Park Road,
Moran,
WY,
83013,
(307) 543-2831"
-108.718288,42.824518,Sleeping Bear RV Park Campground,"715 E Main St,
Lander,
WY,
82520-3470,
(307) 332-5159"
-110.97264,42.9679,Star Valley Ranch Resort,"3510 S Muddy String Rd,
Thayne,
WY,
83127,
(307) 883-2662"
-107.451533,44.033825,Ten Broek RV Park,"98 2nd St,
Ten Sleep,
WY,
82442,
(307) 366-2250"
-109.51739,41.55504,Tex's Travel Camp,"360 Washington Street,
Green River,
WY,
82935-9662,
(307) 875-2630"
-110.779162,43.472613,Virginian RV Park,"750 W Broadway Ave,
Jackson,
WY,
83001,
(307) 733-7189"
-106.6815,44.35397,Twin Creeks Campground,"87 US Hwy 16 E,
Buffalo,
WY,
82834-9393,
(307) 684-5423"
-108.64797,42.737393,Twin Pines RV Park  Campground,"7345 Wyoming 789,
Lander,
WY,
82520-9480,
(307) 332-4008"
-108.3704,43.0271,Wind River RV Park,"1618 E Park Ave,
Riverton,
WY,
82501,
(307) 857-3000"
-109.733084,42.75898,Wind River View Campground 1,"8889 Highway 191,
Boulder,
WY,
82923,
(307) 537-5453"
-109.71433,42.738569,Highline Trail RV Park,"8718 Highway 191,
Boulder,
WY,
82923,
(307) 537-3080"
-108.215634,43.638736,Wyoming Gardens Rv Park,"720 Shoshoni Street,
Thermopolis,
WY,
82443,
(307) 864-2778"
-109.411498,44.475046,Yellowstone Valley Inn RV Park ***,"3324 North Fork Hwy,
Cody,
WY,
82414-7120,
(307) 587-3961"
-104.801648,41.113176,Hide-A-Way Mobile Village,"218 South Greeley  Hwy,
Cheyenne,
WY,
82007,
(307) 637-7114"
-104.7614,41.14277,Greenway Trailer Park and Sales,"3829 Greenway Street,
Cheyenne,
WY,
82001,
(307) 634-6696"
-104.65951,41.157648,T Joe's RV Park,"12700 I80 Service Rd,
Cheyenne,
WY,
82009-8569,
(307) 635-8750"
-109.728446,44.455821,Three Mile Campground Shoshone National Forest,"808 Meadow Lane,
Cody,
WY,
82414-4549,
(307) 527-6241"
-107.518557,44.552052,Shell Creek Campground Bighorn National Forest,"808 Meadow Lan,
Big Horn South,
WY,
82432,
(877) 444-6777"
-110.387539,41.31835,Wagon Wheel Motel,"270 N Main St Fort,
Bridger,
WY,
82933,
(307) 782-6361"
-110.53593,41.797525,Riverside RV and Mobilehome Park,"216 Spinel Street,
Kemmerer,
WY,
83101,
(307) 877-3416"
-110.536164,41.801764,Foothills Mobile Home and RV Pk,"310 US  Hwy 189,
Kemmerer,
WY,
83101,
(307) 877-6634"
-106.012486,41.110647,Woods Landing Resort,"9 State  Hwy 10,
Jelm,
WY,
82063,
(307) 745-9638"
-109.3314,44.4862,Buffalo Bill State Park - North Fork Campground,"Hwy 20,
Cody,
WY,
,
(307) 587-9227"
-108.383833,42.99641,Fort Rendezvous Campground,"10368 State Highway 789,
Riverton,
WY,
82501,
(307) 856-1144"
-106.95762,44.824511,Bramble Motel and RV Park,"2366 North Main Street,
Sheridan,
WY,
82801-9226,
(307) 674-4902"
-104.231113,43.850919,Rim Rock RV and Camp,"2206 West Main Street,
Newcastle,
WY,
82701-2352,
(307) 746-2007"
-108.2655,44.96162,Bighorn Canyon NRA - Horseshoe Bend Campground,"20 Hwy 14A,
Lovell,
WY,
,
(406) 666-2412"
-106.371644,41.514229,Bow River Campground,"South Hwy 130/230,
Saratoga,
WY,
82331,
(307) 326-5258"
-104.688456,44.563734,Devils Tower View,"476 Highway 24,
Devils Tower,
WY,
82714,
(307) 467-5737"
-104.950555,44.26444,Rangeland Court Motel and RV Park,"108 North Yellowstone Avenue,
Moorcroft,
WY,
82721,
(307) 756-3595"
-105.175359,44.266526,All Seasons RV Park,"1000 McIntosh Lane,
Rozet/Gillette,
WY,
82727,
(307) 686-2552"
-105.449356,44.280107,High Plains Campground,"1600 South Garner Lake Road,
Gillette,
WY,
82718-8345,
(307) 687-7339"
-105.516437,44.292937,Crazy Woman Camp Ground,"1001 West 2nd Street,
Gillette,
WY,
82716-3412,
(307) 682-3665"
-104.234116,43.851164,Auto Inn Motel and Rv Park,"2503 W Main St,
Newcastle,
WY,
82701-2324,
(307) 746-2734"
-109.863098,43.315673,Green River Lake Campground,"29 E. Fremont Lake Road,
Pinedale,
WY,
82491,
(307) 367-4326"
-104.183998,42.052218,Traveler's Court,"745 Main Street,
Torrington,
WY,
82240,
(307) 532-5517"
-107.746427,44.550407,Ranger Creek Campground,"US HWY 14,
Shell,
WY,
82441,
(307) 674-2600"
-105.4359,44.27665,Cam-plex Multi event facilities,"1635 Reata Drive,
Gillette,
WY,
82718,
(307) 682-0552"
-109.7728,44.94225,Shoshone NF Crazy Creek Campground,"Hwy 212,
Cody,
WY,
,
(307) 527-6921"
-109.6554,44.88613,Shoshone NF Hunter Peak Campground,"Hwy 212,
Cody,
WY,
,
(307) 527-6921"
-111.0412,43.54134,Targhee NF Trail Creek Campground,"Rt 22,
Wilson,
WY,
,
(208) 354-2312"
-109.9473,44.49646,Shoshone NF Threemile Campground,",
Cody,
WY,
,
(307) 527-6921"
-110.498423,44.736130,Canyon Village Campground,",
Yellowstone National Park,
WY,
,
(866) 439-7375"
-104.937104,42.521846,Glendo SP Sandy Beach Campground,"397 Glendo Park Rd,
Glendo,
WY,
,
(307) 735-4433"
-104.974550,42.511008,Glendo SP Red Hills Campground,"397 Glendo Park Rd,
Glendo,
WY,
,
(307) 735-4433"
-104.973229,42.495868,Glendo SP Reno Cove Campground,"397 Glendo Park Rd,
Glendo,
WY,
,
(307) 735-4433"
-105.001688,42.478254,Glendo SP Whiskey Gultch Campground,"397 Glendo Park Rd,
Glendo,
WY,
,
(307) 735-4433"
-104.959688,42.469291,Glendo SP Two Moon Campground,"397 Glendo Park Rd,
Glendo,
WY,
,
(307) 735-4433"
-109.097075,44.515351,River's View RV Park,"109 West Yellowstone Avenue,
Cody,
WY,
82414,
(307) 587-6074"
-106.213659,42.855603,Rivers Edge RV and Cabins Resort,"6820 Santa Fe Circle,
Evansville,
WY,
82636,
(307) 234-0042"
-107.859668,44.807929,Bald Mountain Campground,"1760 State Forest Road,
Lovell,
WY,
82431,
(802) 365-7510"
-104.742494,42.257389,Larson Park Campground,"S Guernsey Rd,
Guernsey,
WY,
,
(307) 836-2255"
-110.395325,44.562033,Yellowstone Campground,"I-20,
Yellowstone National Park,
WY,
82190,
"
-110.402101,44.552349,Lake Yellowstone Hotel and Cabins Campground,"Yellowstone National Park,
,
WY,
82190,
(866) 439-7375"
-107.165703,44.902772,Connor Battlefield SHS,"U.S. 14,
Ranchester,
WY,
82839,
(307) 684-7629"
-107.444579,44.760822,Sibley Lake - USFS,"I-14,
Dayton,
WY,
,
(307) 674-2600"
-107.469174,44.769963,Prune Creek Campground,"Bighorn National Forest,
Dayton,
WY,
82836,
(877) 444-6777"
-107.534037,44.781086,North Tongue River Campground,"Bighorn National Forest,
Forest Road 158,
Dayton,
WY 82836,
(877) 444-6777"
-107.859066,44.830495,Porcupine Campground,"Bighorn National Forest,
Forest Road 136,
Lovell,
WY,
82431"
-107.970210,44.804242,Five Springs Falls - BLM,",
Lovell,
WY,
82431,
(307) 578-5900"
-108.741681,44.756204,Homesteader Park - City,"I-14,
Powell,
WY,
(307) 754-9417,
"
-109.419387,44.752789,Dead Indian Campground,"2056 State Highway 296,
Cody,
WY,
82414,
(307) 527-6921"
-109.589491,44.718953,Shoshone National Forest Little Sunlight Campground,"Forest Road 101,
Cody,
WY,
82414,
(307) 527-6921"
-109.562712,43.808350,Shoshone National Forest Double Cabin Campground,"N Horsecreek Rd,
Dubois,
WY,
82513,
(307) 527-6241"
-110.005012,43.747785,Shoshone national Forest Brooks Lake Campground,"Brooks Lake Rd,
Dubois,
WY,
82513,
(307) 527-6241"
-108.873710,44.159394,Oasis Motel and Rv Park,"1702 State St,
Meeteetse,
WY,
82433,
(307) 868-2551"
